front,back
"First 4 WinDbg commands after any crash","r  |  !exchain  |  !py mona findmsp  |  !py mona mod"
"Opcode for JMP ESP","FF E4"
"Opcode for CALL ESP","FF D4"
"Opcode for a short jump forward +6 (SEH nSEH trick)","EB 06"
"Opcode for NOP","90"
"Opcode for RET","C3"
"Opcode for INT3 (breakpoint)","CC"
"Opcode bytes for POP POP RET (one common form)","5F 5E C3 (pop edi; pop esi; ret)"
"How do you store address 0x625011af in the buffer?","Little-endian: \xaf\x11\x50\x62  (struct.pack('<I', 0x625011af))"
"Which register do you usually JMP to in a stack BOF?","ESP — it points at your shellcode landing zone right after EIP"
"mona command: find JMP ESP avoiding badchars","!py mona jmp -r esp -cpb ""\x00\x0a\x0d"""
"mona command: find POP POP RET for SEH","!py mona seh -cpb ""\x00\x0a\x0d"""
"mona command: build a ROP chain for DEP bypass","!py mona rop -m *.dll -cpb ""\x00\x0a\x0d"""
"mona command: generate an egghunter for tag w00t","!py mona egg -t w00t"
"mona command: the all-in-one crash triage","!py mona findmsp"
"mona command: module mitigation table","!py mona mod"
"mona command: generate badchar test array","!py mona bytearray -b ""\x00"""
"mona command: compare memory to badchar array","!py mona compare -f <bytearray.bin> -a <addr>"
"mona flag: restrict gadgets to non-ASLR modules","-cm aslr=false"
"mona flag: exclude bad chars from results","-cpb ""\x00\x0a\x0d..."""
"What is the egg tag actually searched for if tag is w00t?","w00tw00t (the 4-byte tag repeated twice)"
"Typical egghunter size?","~32 bytes"
"In an SEH overwrite, what goes in nSEH?","A short jump (EB 06) over the SEH pointer into your shellcode"
"In an SEH overwrite, what goes in SEH?","Address of a POP POP RET gadget (little-endian)"
"Why POP POP RET for SEH?","It unwinds 2 stack slots and RETs into nSEH, which you control"
"What mitigation must be OFF on the module holding your POP POP RET?","SafeSEH (and ideally ASLR/Rebase too)"
"What does DEP/NX prevent, and the bypass?","Executing data pages (stack/heap). Bypass: ROP to VirtualProtect/VirtualAlloc to make memory RWX"
"VirtualProtect flNewProtect value for RWX?","0x40 (PAGE_EXECUTE_READWRITE)"
"Two ASLR bypass strategies","1) Use a non-ASLR module's fixed addresses  2) Leak a pointer, compute base = leaked - RVA"
"What is an RVA and why does it beat ASLR?","Relative Virtual Address = addr - module_base. Constant under ASLR; only the base moves"
"Format string: how to leak the Nth stack arg directly","%N$x  (or %N$p) — positional/direct parameter access"
"Format string: how to find your buffer's offset","Send AAAA %x %x ...; the %x that prints 41414141 is your position"
"Format string: what does %n do?","Writes the number of bytes printed so far into the address at that arg"
"Format string: how to write one byte at a time","%hhn (1 byte), %hn (2 bytes); pad count with %<width>c, write ascending byte values"
"Windows x86: how to reach the PEB in shellcode","mov eax, [fs:0x30]"
"PEB offset to Ldr?","PEB + 0x0C"
"Ldr offset to InMemoryOrderModuleList?","Ldr + 0x14"
"fs:[0x00] points to?","The head of the SEH chain (current thread)"
"Zero a register without null bytes","xor eax, eax"
"Load small value 5 into eax without nulls","xor eax,eax ; mov al, 5"
"Push 0 without a null byte","xor eax,eax ; push eax"
"3 almost-always bad characters","\x00 (null), \x0a (LF), \x0d (CR)"
"Why does encoded (shikata) shellcode sometimes corrupt itself?","The decoder writes near its own location; needs stack room below ESP — add NOPs or sub esp"
"msfvenom flag to exclude bad chars","-b ""\x00\x0a\x0d"""
"msfvenom EXITFUNC value that keeps the service alive","EXITFUNC=thread"
"msfvenom reverse shell payload name","windows/shell_reverse_tcp"
"Command to catch a plain reverse shell","nc -lvnp <port>  (or rlwrap nc -lvnp <port>)"
"The universal 8-step exploit loop","Fuzz, Offset, Control pointer, Badchars, Find jump, Get space/stage, Defeat mitigations, Land shellcode"
"Which mona output tells you how much space you have at ESP?","!py mona findmsp (reports ESP points into buffer + space size)"
"How to pass a first-chance exception so SEH triggers in WinDbg","g (go) / gN — let it reach the handler"
"WinDbg: break when SEH address is overwritten","ba w4 <seh_address>"
"WinDbg: dump stack with symbol resolution (great for ROP)","dds esp"
"WinDbg: search memory for your egg string","s -a <start> L?80000000 ""w00tw00t"""
"stdcall argument order and cleanup","Args pushed right-to-left; callee cleans stack (retn N); return value in EAX"
"Short jump range","-128 to +127 (rel8), 2 bytes: EB xx"
"Near jump encoding","E9 + rel32 (5 bytes), range +-2GB"
"What does 'Rebase=False, ASLR=False' in mona mod mean for you?","Module loads at a fixed address — use it for jumps/gadgets"
"Best module type to hunt for gadgets/jumps","App's own / 3rd-party DLL (OS Dll=False) — usually no mitigations"
"After finding badchars, where must you apply the set?","Everywhere: msfvenom -b, mona jmp -cpb, mona seh -cpb, mona rop -cpb"
"If exploit works in debugger but not standalone, first suspect?","A missed badchar truncated the payload, or address differs when not attached"
"Format string: read the value AT an address you supply","Put the target address in your buffer, then %N$s (N = your offset) — derefs it as char*"
"Format string: why write one byte at a time with %hhn?","Writing a full value means printing billions of chars; %hhn writes 1 byte so you pad counts realistically"
"Format string: order of the four %hhn writes","Ascending by byte value — the printed count only ever grows, so smallest target byte first"
"Format string: how to control the count %n writes","Field width padding: %100c prints 100 chars, so %n then writes 100"
"Format string: what makes it exploitable in source?","printf(user) instead of printf(\"%s\", user) — user controls the format string"
"Format string: typical write targets","Saved return address, a GOT/IAT function pointer, or the SEH handler"
"ASLR: what randomizes and what does NOT","The module BASE randomizes; the RVA (offset within the module) stays constant"
"ASLR: the formula to rebuild an address after a leak","absolute = module_base + RVA, where module_base = leaked_value - RVA_of_leaked_symbol"
"ASLR: fastest bypass to try first","Find a module with ASLR=False in mona mod and use its fixed addresses"
"ASLR: mona flag to restrict to non-ASLR modules","-cm aslr=false (combine: -cm aslr=false,rebase=false)"
"ASLR: why must the leak happen in the same process run?","The base is re-randomized each launch; a stale leak points to the old base"
"ASLR: the low-bits partial-overwrite trick","The low 12 bits (page offset) don't randomize, so a partial pointer overwrite can keep the rebased high bytes"
"ROP: what does PUSHAD do in a VirtualProtect chain?","Pushes all GP registers as a ready-made call frame; mona pre-loads them so the stack becomes the VirtualProtect args"
"ROP: VirtualProtect dwSize value commonly used","0x201 (plenty to cover the shellcode region)"
"ROP: how to debug a chain that dies","bp the first gadget, single-step (t), watch each POP load the expected value; find the gadget that breaks"
"Shellcode: how to find kernel32 base with no imports","Walk the PEB: fs:[0x30] -> Ldr(+0x0C) -> InMemoryOrderModuleList(+0x14) -> module DllBase(+0x10)"
"Shellcode: why hash API names (ror13) instead of strcmp?","Saves space and avoids carrying plaintext strings / badchars; compare name hashes to a baked constant"
"Shellcode: WinExec signature","WinExec(LPCSTR lpCmdLine, UINT uCmdShow) — stdcall; uCmdShow=1 for SW_SHOWNORMAL"
